{
  "train_loss": [
    0.35822644282684557,
    0.340067181869133,
    0.33181085080019024,
    0.3264710712204344,
    0.3224446508588165,
    0.31916891068983666,
    0.3160811690830933,
    0.31353888110646133,
    0.3116110856998689,
    0.30984987681043263
  ],
  "train_f1": [
    0.8804139340621202,
    0.88681091719394,
    0.889711284620896,
    0.8916349450756113,
    0.8930967646996111,
    0.8943212945069822,
    0.8953683155754523,
    0.8964236275422822,
    0.8971208018230296,
    0.8977599512955038
  ],
  "train_far": [
    0.32824691761903163,
    0.29827232126505443,
    0.2839418149633145,
    0.27473418493834234,
    0.26895451678632587,
    0.26387780158864355,
    0.25969470467195277,
    0.25558335812818833,
    0.2528829350016884,
    0.2504840641418229
  ],
  "train_miss_rate": [
    0.10493400953453841,
    0.10330463619253986,
    0.10285736137861211,
    0.10247621647340395,
    0.10178111296002543,
    0.10128249767383292,
    0.10080522143166816,
    0.1002907603207026,
    0.09994680028429523,
    0.09960600941284246
  ],
  "dev_loss": [
    0.3745512402691406,
    0.3702665067876711,
    0.35919250875639347,
    0.36261598298628867,
    0.3544213227794951,
    0.3559755121074796,
    0.350676943618548,
    0.3463308337243685,
    0.3494615309640453,
    0.34507515197860716
  ],
  "dev_f1": [
    0.8706420815191732,
    0.8711827778677121,
    0.8756767300404446,
    0.8746819805152957,
    0.8774849452762524,
    0.8783692056985989,
    0.8790499594171632,
    0.8801865881496675,
    0.8789811141579007,
    0.8813536568753837
  ],
  "dev_far": [
    0.3222742032148703,
    0.311933663109497,
    0.28100447553365,
    0.29268678122363057,
    0.2898690734959553,
    0.3116921453042677,
    0.28913855667766913,
    0.27771864070201174,
    0.24308021671005042,
    0.28887616696334595
  ],
  "dev_miss_rate": [
    0.11843723193205448,
    0.12102130733500294,
    0.12368372829230594,
    0.12140905143452038,
    0.11737359143988506,
    0.1081766200931117,
    0.11482005752422737,
    0.11677338482008408,
    0.1310269641496055,
    0.11076467916831546
  ]
}