{
  "checkpoint": "/home/jasmi/Noise-Robust-Voice-Activity-Detection-FINAL/artifacts/checkpoints/baseline_mlp_lr0.001_wd1e-5_dr0.1_seed42.pt",
  "threshold": 0.05,
  "dev_metrics": {
    "accuracy": 0.7518790430087473,
    "precision": 0.741291146373484,
    "recall": 0.9852179201512733,
    "f1": 0.8460231522869496,
    "tp": 741942,
    "tn": 76443,
    "fp": 258936,
    "fn": 11132
  }
}