{
  "checkpoint": "/home/jasmi/Noise-Robust-Voice-Activity-Detection-FINAL/artifacts/checkpoints/baseline_mlp_lr0.0003_wd0_dr0.1_seed42.pt",
  "threshold": 0.3,
  "dev_metrics": {
    "accuracy": 0.9956920510118489,
    "precision": 0.9990104938329228,
    "recall": 0.9947588152027557,
    "f1": 0.9968801212022014,
    "tp": 749127,
    "tn": 334637,
    "fp": 742,
    "fn": 3947
  }
}